ts,dvol_open,dvol_high,dvol_low,dvol_close
1652227200,81.61,109.04,79.65,101.25
1652313600,101.25,139.73,99.57,114.58
1652400000,114.58,115.12,91.7,99.66
1652486400,99.67,99.79,92.63,93.57
1652572800,93.57,96.31,91.79,92.34
1652659200,92.34,97.55,92.29,96.37
1652745600,96.37,96.39,88.6,91.46
1652832000,89.74,100.59,87.3,100.59
1652918400,100.59,100.95,91.05,91.11
1653004800,91.11,93.33,83.02,88.56
1653091200,88.56,88.66,84.11,84.12
1653177600,84.12,84.95,82.16,82.49
1653264000,82.49,83.59,80.03,82.54
1653350400,82.54,84.5,80.65,82.27
1653436800,82.27,83.16,80.45,82.57
1653523200,82.57,90.14,80.25,81.63
1653609600,81.64,84.76,79.62,84.72
1653696000,84.72,84.78,80.7,80.91
1653782400,80.91,82.41,79.4,81.2
1653868800,81.2,81.42,72.12,75.39
1653955200,75.39,75.52,72.26,73.06
1654041600,73.06,76.81,71.89,74.75
1654128000,71.74,74.12,71.74,73.43
1654214400,73.43,74.3,70.84,71.33
1654300800,71.33,71.67,70.15,70.96
1654387200,70.96,72.04,69.44,72.04
1654473600,72.04,72.04,67.6,68.51
1654560000,68.51,73.49,68.51,71.51
1654646400,71.51,72.79,69.11,71.7
1654732800,71.7,72.62,70.51,72.57
1654819200,72.57,74.77,71.68,72.55
1654905600,72.55,75.58,71.11,75.05
1654992000,75.05,93.99,74.28,93.99
1655078400,93.99,107.5,92.78,106.0
1655164800,106.0,113.43,97.87,103.09
1655251200,103.09,142.02,89.15,89.15
1655337600,89.15,119.65,88.53,119.65
1655424000,119.65,121.89,105.53,108.67
1655510400,108.67,133.42,107.09,115.03
1655596800,115.03,118.45,108.86,109.97
1655683200,109.97,112.98,98.9,99.27
1655769600,99.27,99.52,93.8,97.96
1655856000,97.96,100.67,96.79,99.76
1655942400,99.76,99.84,91.29,91.46
1656028800,91.46,93.09,88.23,90.66
1656115200,90.66,90.75,86.65,86.66
1656201600,86.66,90.72,86.4,90.26
1656288000,90.26,91.0,87.5,89.09
1656374400,89.09,90.02,85.93,87.5
1656460800,87.5,91.54,86.17,91.37
1656547200,91.37,99.17,90.93,94.14
1656633600,94.14,95.49,90.28,92.97
1656720000,92.97,93.79,90.35,92.23
1656806400,92.23,94.21,91.1,92.07
1656892800,92.07,92.78,86.92,86.99
1656979200,86.99,87.51,84.43,86.08
1657065600,81.78,84.1,81.62,82.25
1657152000,82.25,82.97,80.73,81.35
1657238400,81.35,82.71,77.8,78.39
1657324800,78.39,78.98,72.73,73.55
1657411200,73.55,76.05,73.4,75.86
1657497600,75.86,80.67,75.5,80.52
1657584000,80.52,86.07,80.4,85.86
1657670400,85.86,86.43,80.89,80.89
1657756800,80.89,84.68,79.51,81.35
1657843200,81.35,81.45,77.99,78.7
1657929600,78.7,82.73,77.01,81.99
1658016000,81.99,83.41,80.68,81.29
1658102400,81.29,83.39,79.8,83.39
1658188800,83.38,84.5,81.15,82.9
1658275200,82.9,87.1,79.76,83.99
1658361600,83.99,85.37,82.37,82.38
1658448000,82.38,84.89,80.01,84.28
1658534400,84.28,84.44,80.31,80.45
1658620800,80.45,83.6,79.06,83.17
1658707200,83.17,83.98,79.81,81.35
1658793600,81.35,82.87,80.08,81.39
1658880000,81.39,81.95,74.84,76.49
1658966400,76.49,77.75,74.09,76.89
1659052800,76.89,77.69,73.34,75.03
1659139200,75.03,79.65,74.77,78.55
1659225600,78.55,79.01,76.68,78.66
1659312000,78.66,78.66,77.02,77.69
1659398400,77.69,78.66,76.59,77.79
1659484800,77.79,78.23,75.05,75.87
1659571200,75.87,75.87,72.98,73.67
1659657600,73.67,74.23,70.63,71.85
1659744000,71.85,72.98,71.34,71.7
1659830400,71.7,73.6,71.56,73.6
1659916800,73.6,76.12,72.82,75.17
1660003200,75.17,75.35,73.68,74.67
1660089600,74.67,75.85,70.87,70.87
1660176000,70.87,72.97,70.1,71.48
1660262400,71.48,71.62,69.71,70.27
1660348800,70.27,71.1,69.38,70.6
1660435200,70.6,73.14,69.94,70.89
1660521600,70.89,71.1,68.94,70.2
1660608000,70.2,71.61,69.76,71.55
1660694400,71.55,75.42,70.68,75.32
1660780800,74.09,75.05,73.44,74.82
1660867200,74.82,82.7,74.76,81.24
1660953600,81.24,81.57,76.97,77.7
1661040000,77.7,79.35,76.99,79.02
1661126400,79.02,80.97,78.42,80.35
1661212800,80.35,80.47,77.73,77.78
1661299200,77.78,78.37,73.91,75.59
1661385600,75.59,75.59,72.66,73.83
1661472000,73.83,75.64,70.61,72.6
1661558400,72.6,73.33,69.92,73.03
1661644800,73.03,76.19,72.46,76.17
1661731200,76.16,76.92,72.75,73.2
1661817600,73.2,77.69,71.62,75.78
1661904000,75.78,76.01,71.17,75.04
1661990400,75.04,79.91,74.45,77.83
1662076800,77.83,77.83,72.23,74.66
1662163200,74.66,78.74,73.43,77.86
1662249600,77.86,77.86,74.89,76.01
1662336000,76.01,76.91,74.89,76.88
1662422400,76.88,81.46,74.97,81.46
1662508800,81.46,84.32,75.62,76.12
1662595200,76.12,76.14,74.09,75.72
1662681600,75.72,77.73,72.02,75.12
1662768000,75.12,79.03,72.25,78.15
1662854400,78.15,78.99,75.1,78.91
1662940800,78.91,79.35,76.34,79.15
1663027200,79.15,83.44,78.25,81.07
1663113600,81.07,81.25,76.02,78.19
1663200000,78.19,79.61,75.28,76.05
1663286400,76.05,76.54,70.57,70.57
1663372800,70.57,70.69,68.71,69.14
1663459200,69.14,75.31,67.57,74.86
1663545600,74.86,74.86,70.23,70.23
1663632000,70.23,75.86,70.23,75.86
1663718400,75.86,78.59,72.77,76.7
1663804800,76.7,77.43,74.55,74.81
1663891200,74.81,78.28,73.73,74.23
1663977600,74.23,74.56,72.19,73.21
1664064000,73.21,76.29,71.82,75.88
1664150400,75.88,77.43,74.61,76.71
1664236800,76.71,79.19,71.29,76.88
1664323200,76.88,84.19,76.1,79.4
1664409600,79.4,81.89,77.01,77.52
1664496000,77.52,77.78,71.6,74.06
1664582400,74.06,74.07,70.16,72.26
1664668800,72.26,77.52,71.73,76.42
1664755200,76.42,76.42,70.06,70.07
1664841600,70.07,72.06,69.26,69.87
1664928000,69.87,71.75,69.8,71.16
1665014400,71.16,72.25,68.67,68.73
1665100800,68.73,70.02,65.99,65.99
1665187200,65.99,66.0,63.05,64.84
1665273600,64.24,68.05,63.98,67.51
1665360000,67.51,70.59,66.52,68.98
1665446400,68.98,72.46,68.94,70.6
1665532800,70.6,71.35,69.99,70.2
1665619200,70.2,75.28,65.99,66.11
1665705600,66.11,66.22,61.84,62.08
1665792000,62.41,63.01,61.75,62.66
1665878400,62.66,63.35,61.14,63.27
1665964800,63.27,63.68,59.46,60.01
1666051200,60.01,62.96,59.21,62.26
1666137600,62.26,62.49,60.02,60.9
1666224000,60.9,62.17,59.92,61.44
1666310400,61.44,63.02,59.37,62.19
1666396800,62.19,63.37,60.37,62.14
1666483200,62.14,64.95,61.8,64.07
1666569600,64.07,65.39,62.68,64.31
1666656000,64.31,67.64,63.48,65.61
1666742400,65.61,68.51,63.78,66.28
1666828800,66.28,66.29,60.35,61.41
1666915200,61.41,61.76,54.57,55.08
1667001600,55.08,58.11,55.06,57.8
1667088000,57.8,60.65,57.49,60.36
1667174400,60.36,62.59,59.1,59.63
1667260800,59.63,60.65,59.42,59.92
1667347200,59.92,60.63,56.41,56.41
1667433600,56.41,56.41,52.98,53.98
1667520000,53.98,57.08,53.26,54.19
1667606400,54.19,55.9,53.2,55.9
1667692800,55.9,56.76,54.29,56.76
1667779200,56.76,59.69,56.31,59.48
1667865600,59.48,94.83,59.31,76.66
1667952000,76.66,122.01,75.83,114.72
1668038400,114.72,115.37,85.05,93.12
1668124800,93.12,107.16,82.51,102.11
1668211200,102.11,110.48,101.2,102.92
1668297600,102.92,110.53,100.48,107.88
1668384000,107.88,112.14,89.9,98.18
1668470400,98.18,98.18,82.7,89.99
1668556800,89.99,103.25,81.08,98.64
1668643200,98.64,98.64,75.19,76.97
1668729600,76.97,77.03,72.35,74.71
1668816000,74.71,74.78,71.89,72.41
1668902400,72.41,81.11,72.41,80.26
1668988800,80.26,82.89,79.09,80.81
1669075200,80.81,83.39,79.09,79.71
1669161600,79.71,79.88,74.5,75.27
1669248000,75.27,76.05,72.09,72.21
1669334400,72.21,73.27,64.8,64.89
1669420800,64.89,65.83,62.97,65.49
1669507200,65.49,67.12,64.0,67.12
1669593600,67.12,70.39,66.46,67.44
1669680000,67.44,68.14,64.52,64.8
1669766400,64.8,65.38,62.62,64.05
1669852800,64.05,64.38,59.68,60.05
1669939200,60.05,64.18,58.57,58.75
1670025600,58.75,61.32,58.12,61.15
1670112000,61.15,62.02,58.27,61.84
1670198400,61.84,62.0,55.17,56.01
1670284800,56.01,59.36,55.25,56.74
1670371200,56.74,61.91,56.54,61.83
1670457600,57.05,57.24,55.45,55.71
1670544000,56.63,58.86,56.39,58.71
1670630400,58.71,59.62,58.39,59.55
1670716800,59.55,61.95,59.52,61.79
1670803200,61.79,62.4,60.35,61.15
1670889600,60.25,60.73,60.08,60.66
1670976000,60.67,60.76,55.08,55.19
1671062400,55.19,57.81,52.82,57.74
1671148800,57.74,64.86,52.81,63.31
1671235200,63.31,67.9,61.67,62.29
1671321600,62.29,67.84,61.06,66.48
1671408000,66.48,66.67,60.62,63.62
1671494400,63.61,65.81,59.36,60.1
1671580800,60.1,60.34,58.83,59.12
1671667200,59.12,59.18,53.48,56.14
1671753600,56.14,56.31,52.86,53.67
1671840000,53.67,53.91,52.2,52.35
1671926400,52.35,53.8,52.23,53.68
1672012800,53.68,53.97,53.0,53.22
1672099200,53.22,54.44,53.11,54.05
1672185600,54.05,57.33,53.53,57.19
1672272000,57.19,57.29,54.54,54.59
1672358400,54.59,54.95,48.5,49.82
1672444800,49.82,50.12,47.63,48.31
1672531200,48.31,48.43,46.7,46.96
1672617600,46.96,50.02,45.8,50.02
1672704000,50.02,50.44,48.79,48.95
1672790400,48.95,48.95,41.96,46.87
1672876800,46.87,47.48,45.41,45.45
1672963200,45.45,45.56,42.71,43.61
1673049600,43.61,43.62,41.53,42.02
1673136000,42.02,43.53,41.79,42.79
1673222400,42.79,45.03,42.79,44.06
1673308800,44.06,45.47,43.01,45.47
1673395200,45.47,47.55,45.2,47.55
1673481600,47.55,52.07,43.13,51.42
1673568000,51.42,61.12,47.08,61.12
1673654400,61.12,73.8,58.78,73.62
1673740800,73.62,74.15,66.16,70.2
1673827200,70.2,71.16,63.93,64.92
1673913600,64.92,66.37,62.93,63.35
1674000000,63.35,64.55,59.36,63.34
1674086400,63.34,63.37,56.23,56.9
1674172800,56.9,59.5,53.78,59.48
1674259200,59.48,67.64,56.73,65.79
1674345600,65.79,66.22,60.54,61.99
1674432000,61.99,66.6,61.26,64.38
1674518400,64.38,65.84,61.26,61.33
1674604800,65.73,65.85,58.02,61.49
1674691200,61.49,61.52,56.59,57.0
1674777600,57.0,57.69,54.98,55.0
1674864000,55.0,55.12,53.63,54.49
1674950400,54.49,60.05,52.01,58.92
1675036800,58.92,58.92,55.41,56.4
1675123200,56.4,59.21,54.76,58.82
1675209600,58.82,60.43,56.27,58.04
1675296000,58.04,58.32,55.11,57.71
1675382400,57.71,57.82,54.14,54.25
1675468800,54.25,54.55,53.18,54.16
1675555200,54.16,55.68,53.95,55.23
1675641600,55.23,55.73,53.33,54.56
1675728000,54.56,54.66,52.82,53.31
1675814400,53.31,53.94,52.52,52.99
1675900800,52.99,53.11,49.03,51.95
1675987200,51.95,52.02,48.4,48.69
1676073600,48.7,48.83,46.67,47.13
1676160000,47.13,48.09,46.76,47.5
1676246400,47.51,51.73,47.4,50.65
1676332800,50.65,51.16,47.87,49.17
1676419200,49.17,52.91,46.92,52.67
1676505600,52.67,59.55,51.15,58.8
1676592000,58.8,62.41,54.1,60.77
1676678400,60.77,60.78,58.35,58.37
1676764800,58.37,61.92,57.56,59.94
1676851200,59.93,62.16,59.37,60.75
1676937600,60.75,62.33,59.35,60.82
1677024000,59.47,60.16,56.69,56.83
1677110400,56.83,57.54,54.87,54.93
1677196800,54.93,54.97,50.45,50.49
1677283200,50.49,50.49,48.12,50.29
1677369600,50.29,52.2,49.98,51.34
1677456000,51.34,51.49,49.9,50.44
1677542400,50.44,50.62,49.16,50.37
1677628800,50.37,55.83,50.34,54.71
1677715200,54.71,55.36,53.19,53.72
1677801600,53.72,55.91,50.53,52.2
1677888000,52.2,52.35,50.4,51.57
1677974400,51.57,52.71,50.62,50.84
1678060800,50.84,52.55,50.4,51.78
1678147200,51.78,52.56,50.73,51.46
1678233600,51.46,52.56,49.62,50.12
1678320000,50.12,56.03,48.47,54.39
1678406400,54.39,59.38,53.44,54.2
1678492800,54.2,65.03,52.31,59.82
1678579200,59.82,62.61,57.09,58.87
1678665600,58.87,70.39,54.56,62.24
1678752000,62.24,68.19,59.71,63.46
1678838400,63.46,70.1,61.88,64.15
1678924800,64.15,64.15,56.98,62.45
1679011200,62.45,69.46,60.76,66.59
1679097600,66.59,68.88,64.07,67.25
1679184000,67.25,74.34,67.13,73.34
1679270400,73.34,73.83,68.08,68.23
1679356800,68.23,71.75,67.0,70.06
1679443200,68.92,70.11,63.29,63.89
1679529600,63.89,67.31,61.07,66.43
1679616000,66.43,67.76,64.5,65.06
1679702400,65.06,65.19,60.99,61.59
1679788800,61.59,63.35,61.48,63.23
1679875200,63.23,65.95,61.97,62.12
1679961600,62.12,63.42,59.73,60.13
1680048000,60.13,64.96,58.82,64.49
1680134400,64.49,66.82,62.34,62.74
1680220800,62.74,62.99,57.97,58.52
1680307200,58.52,58.53,57.35,58.17
1680393600,58.17,60.65,58.02,60.28
1680480000,60.28,62.44,58.38,61.83
1680566400,61.83,61.83,59.45,59.65
1680652800,59.65,60.56,57.93,58.02
1680739200,58.02,59.81,56.61,57.06
1680825600,57.06,57.06,54.25,54.5
1680912000,54.5,55.83,53.63,55.26
1680998400,55.26,58.81,54.87,58.56
1681084800,58.56,63.05,57.17,62.16
1681171200,62.16,63.03,60.12,60.18
1681257600,60.18,60.27,55.86,55.87
1681344000,55.87,56.77,55.03,55.47
1681430400,55.47,57.07,53.14,53.46
1681516800,53.46,53.98,52.63,53.81
1681603200,53.81,56.63,53.51,56.4
1681689600,56.4,57.31,53.72,55.6
1681776000,55.6,56.44,55.01,55.63
1681862400,55.63,56.1,54.35,55.71
1681948800,55.14,56.16,54.02,56.11
1682035200,56.11,56.22,53.15,54.82
1682121600,54.82,54.84,53.07,54.53
1682208000,54.53,55.83,53.84,54.22
1682294400,54.22,54.3,52.42,52.72
1682380800,52.72,53.53,52.08,52.38
1682467200,52.39,58.62,51.68,55.47
1682553600,55.46,56.97,53.47,55.07
1682640000,55.07,55.1,50.61,50.73
1682726400,50.73,51.01,50.1,50.68
1682812800,50.68,53.3,49.22,53.3
1682899200,53.3,55.07,53.02,53.19
1682985600,53.19,53.55,51.95,53.21
1683072000,53.21,54.41,50.94,52.92
1683158400,52.92,54.03,51.6,51.9
1683244800,51.9,52.6,51.41,51.67
1683331200,51.67,51.99,50.26,50.53
1683417600,50.53,51.72,49.72,51.68
1683504000,51.68,51.87,50.79,51.34
1683590400,51.34,52.02,51.07,51.98
1683676800,51.98,52.31,50.55,50.86
1683763200,50.86,51.98,48.61,51.21
1683849600,51.21,52.86,50.09,50.09
1683936000,50.09,50.09,48.23,48.35
1684022400,48.35,48.5,47.53,48.02
1684108800,48.02,53.18,47.94,52.28
1684195200,52.28,52.51,50.33,50.57
1684281600,50.57,50.57,49.16,49.72
1684368000,49.72,49.91,46.1,46.28
1684454400,46.28,46.95,45.07,46.52
1684540800,46.52,47.11,45.52,46.34
1684627200,46.34,47.63,45.51,47.02
1684713600,47.02,48.0,45.54,47.58
1684800000,47.58,50.25,46.2,50.08
1684886400,50.08,52.23,48.91,51.3
1684972800,51.3,51.56,47.31,47.77
1685059200,47.77,47.79,43.56,45.24
1685145600,45.24,45.3,42.98,43.09
1685232000,43.09,49.94,43.07,49.94
1685318400,49.94,50.57,46.34,47.12
1685404800,47.12,47.38,44.22,44.68
1685491200,44.68,45.94,43.69,43.93
1685577600,43.86,44.06,41.54,42.13
1685664000,42.13,43.61,39.89,41.4
1685750400,41.4,41.45,39.71,39.75
1685836800,39.75,41.73,38.95,41.69
1685923200,41.69,42.61,39.18,40.11
1686009600,40.11,43.65,39.76,43.65
1686096000,43.64,45.7,41.64,45.63
1686182400,45.63,46.13,41.35,41.35
1686268800,41.35,41.78,40.44,40.8
1686355200,40.8,43.66,40.57,43.37
1686441600,43.37,43.59,42.25,42.81
1686528000,42.81,46.46,39.85,46.45
1686614400,46.45,46.45,45.33,45.38
1686700800,45.38,47.54,42.05,44.66
1686787200,44.66,48.4,43.76,46.63
1686873600,46.63,46.78,43.14,45.06
1686960000,45.06,45.06,42.59,42.95
1687046400,42.95,45.71,42.53,45.41
1687132800,45.41,45.43,43.84,45.22
1687219200,45.22,53.13,45.14,52.71
1687305600,52.71,59.24,51.99,55.83
1687392000,55.83,56.2,50.91,51.05
1687478400,51.05,53.97,49.39,52.71
1687564800,52.71,52.75,44.6,49.15
1687651200,49.15,50.83,48.72,49.51
1687737600,49.51,52.12,48.66,49.51
1687824000,49.51,50.67,48.87,48.92
1687910400,48.92,48.92,46.94,48.44
1687996800,48.44,48.59,43.41,43.52
1688083200,43.52,47.17,42.92,46.06
1688169600,46.06,46.56,44.63,46.56
1688256000,46.56,47.89,46.54,47.88
1688342400,47.88,49.62,46.67,49.05
1688428800,48.16,48.18,46.47,46.61
1688515200,46.61,46.65,45.22,46.45
1688601600,46.45,49.92,45.36,47.96
1688688000,47.96,48.37,44.81,45.04
1688774400,45.04,45.27,43.55,44.01
1688860800,44.01,44.67,43.45,43.89
1688947200,43.89,44.83,43.55,44.26
1689033600,44.26,44.53,43.07,43.96
1689120000,43.96,46.49,41.23,41.26
1689206400,41.26,46.55,40.63,45.15
1689292800,45.15,45.45,42.08,42.21
1689379200,42.21,43.32,41.63,42.98
1689465600,42.98,43.03,42.01,42.1
1689552000,42.1,43.47,41.79,42.9
1689638400,42.9,43.57,42.06,42.67
1689724800,42.67,42.68,40.52,40.53
1689811200,40.53,42.05,40.08,41.62
1689897600,41.62,41.79,38.63,38.76
1689984000,38.76,39.31,37.36,39.07
1690070400,39.07,39.49,37.54,39.27
1690156800,39.27,39.65,37.58,38.25
1690243200,38.25,38.38,36.47,37.77
1690329600,37.77,39.35,37.58,38.15
1690416000,38.15,38.15,36.34,36.36
1690502400,36.36,36.55,35.05,35.47
1690588800,35.47,35.48,34.11,34.96
1690675200,34.96,36.4,34.96,36.33
1690761600,36.33,37.19,35.75,36.77
1690848000,36.17,37.07,35.59,36.56
1690934400,36.56,37.46,36.4,36.82
1691020800,36.82,37.08,35.74,36.21
1691107200,36.21,36.26,34.21,34.37
1691193600,34.37,34.6,33.42,33.79
1691280000,33.79,34.3,33.32,34.03
1691366400,34.03,36.75,33.93,36.29
1691452800,36.29,41.23,34.76,39.85
1691539200,39.85,40.64,38.51,38.73
1691625600,38.73,38.73,36.04,36.2
1691712000,36.2,36.22,32.74,32.74
1691798400,32.74,32.74,31.41,32.38
1691884800,32.38,33.76,32.18,33.76
1691971200,33.76,35.03,32.21,35.01
1692057600,35.01,36.53,34.43,34.58
1692144000,34.58,37.43,34.23,36.56
1692230400,36.56,53.59,36.3,52.3
1692316800,52.3,52.3,41.49,43.58
1692403200,43.58,43.97,36.62,43.01
1692489600,43.01,43.38,40.24,43.18
1692576000,43.18,43.92,42.3,42.63
1692662400,42.63,44.11,41.89,42.13
1692748800,42.13,44.02,40.05,43.38
1692835200,43.38,43.38,41.37,41.72
1692921600,41.72,42.18,36.25,36.31
1693008000,36.31,36.35,35.36,35.52
1693094400,35.52,36.3,35.24,36.05
1693180800,36.05,37.6,35.82,36.42
1693267200,36.42,44.99,36.08,40.6
1693353600,40.6,40.6,38.08,38.18
1693440000,38.18,39.52,35.98,35.98
1693526400,35.98,38.09,35.24,36.09
1693612800,36.09,36.4,35.39,35.57
1693699200,35.57,38.37,35.57,37.84
1693785600,37.84,38.85,37.14,38.3
1693872000,39.51,40.19,39.09,39.79
1693958400,39.79,40.83,37.77,39.41
1694044800,39.41,41.0,38.8,39.74
1694131200,39.74,41.31,39.45,40.0
1694217600,40.0,40.34,38.82,39.75
1694304000,39.75,41.65,39.42,40.52
1694390400,40.52,45.54,40.46,44.33
1694476800,44.33,44.83,41.62,43.57
1694563200,43.57,44.26,42.66,44.05
1694649600,44.05,44.23,41.14,41.71
1694736000,41.71,41.85,38.81,39.14
1694822400,39.14,39.61,38.72,39.52
1694908800,39.52,40.25,38.34,39.83
1694995200,39.83,43.03,39.54,41.48
1695081600,41.48,42.76,41.35,42.53
1695168000,42.53,43.83,41.96,43.01
1695254400,43.01,43.28,40.79,41.37
1695340800,41.37,41.42,36.8,37.29
1695427200,37.29,37.83,36.25,37.64
1695513600,37.64,39.92,36.61,38.6
1695600000,38.6,40.34,38.0,39.25
1695686400,39.25,40.45,38.51,38.67
1695772800,38.67,39.64,35.54,36.06
1695859200,36.06,40.38,35.39,38.63
1695945600,38.63,38.85,33.04,33.04
1696032000,33.04,35.93,32.33,35.89
1696118400,35.89,37.59,35.48,37.5
1696204800,37.49,40.8,36.2,38.17
1696291200,37.53,38.35,36.94,37.96
1696377600,37.96,38.19,37.04,37.28
1696464000,37.28,38.35,36.65,36.75
1696550400,36.75,36.8,34.47,35.06
1696636800,35.06,37.87,34.79,37.61
1696723200,37.61,38.01,36.29,37.85
1696809600,37.85,39.05,36.76,36.81
1696896000,36.81,39.06,36.67,38.53
1696982400,38.53,38.64,36.09,36.88
1697068800,36.88,37.82,35.16,35.19
1697155200,35.19,36.86,34.97,35.37
1697241600,35.37,36.57,34.82,36.53
1697328000,36.53,38.19,36.44,38.16
1697414400,38.17,45.18,36.27,42.63
1697500800,42.63,42.68,40.81,41.08
1697587200,41.08,41.09,39.21,39.24
1697673600,39.24,40.58,39.04,39.18
1697760000,39.18,46.59,39.08,44.26
1697846400,44.26,46.45,42.74,45.9
1697932800,45.9,48.92,45.14,48.81
1698019200,48.81,64.06,47.91,55.37
1698105600,55.37,63.84,53.06,54.19
1698192000,54.19,60.04,53.32,58.36
1698278400,58.36,60.82,54.75,55.02
1698364800,55.02,55.02,47.19,47.19
1698451200,47.19,50.41,47.16,50.23
1698537600,50.23,55.16,49.94,54.21
1698624000,54.21,57.29,53.07,53.89
1698710400,53.89,54.76,53.32,54.76
1698796800,54.76,60.03,54.57,59.78
1698883200,59.78,61.94,58.84,60.0
1698969600,60.0,60.62,57.33,57.89
1699056000,57.89,62.57,57.88,62.46
1699142400,62.46,62.77,59.36,60.1
1699228800,60.1,60.97,57.32,57.36
1699315200,55.68,57.02,52.02,55.48
1699401600,55.48,58.03,54.31,57.58
1699488000,57.58,65.12,57.53,58.87
1699574400,58.87,59.33,55.91,56.84
1699660800,56.84,58.09,56.41,58.09
1699747200,58.09,58.44,56.39,58.33
1699833600,58.33,59.04,56.12,56.26
1699920000,56.26,57.45,55.64,56.24
1700006400,56.24,60.51,54.0,60.51
1700092800,60.51,61.88,55.07,55.35
1700179200,55.35,56.53,54.48,55.4
1700265600,55.4,55.49,53.19,54.38
1700352000,54.38,57.04,53.5,56.54
1700438400,56.54,58.15,54.37,57.94
1700524800,57.94,59.34,55.34,55.72
1700611200,55.72,56.92,53.49,55.5
1700697600,55.5,55.91,53.59,53.87
1700784000,53.87,55.28,50.94,53.65
1700870400,53.65,53.68,51.51,52.13
1700956800,52.13,53.71,52.09,53.19
1701043200,53.19,53.28,50.39,50.62
1701129600,50.62,51.88,49.67,50.58
1701216000,50.58,52.37,50.33,51.9
1701302400,51.9,52.79,49.64,49.8
1701388800,49.8,52.41,49.61,51.46
1701475200,51.46,54.21,50.61,52.35
1701561600,52.35,56.16,52.12,54.72
1701648000,54.72,55.85,53.55,55.09
1701734400,55.09,55.72,53.08,55.71
1701820800,55.71,57.1,53.51,53.71
1701907200,53.71,54.02,52.29,52.4
1701993600,52.4,53.83,51.89,53.72
1702080000,53.72,54.33,52.75,53.98
1702166400,53.98,55.03,53.62,55.03
1702252800,55.03,58.92,54.25,55.59
1702339200,53.83,54.73,53.46,53.87
1702425600,53.87,54.77,52.95,53.46
1702512000,53.46,54.07,52.32,53.13
1702598400,53.13,54.9,52.53,54.15
1702684800,54.15,54.15,53.07,53.81
1702771200,53.81,54.89,53.31,54.6
1702857600,54.6,56.22,54.17,56.02
1702944000,56.02,57.67,56.02,57.62
1703030400,57.62,58.86,56.99,58.1
1703116800,57.24,59.09,57.24,58.63
1703203200,58.63,59.04,56.86,57.24
1703289600,57.24,57.31,56.39,56.97
1703376000,56.97,59.63,56.57,58.73
1703462400,58.73,59.4,56.57,58.26
1703548800,58.26,60.13,57.62,59.98
1703635200,59.98,64.6,59.69,64.35
1703721600,64.35,64.94,62.5,63.75
1703808000,63.75,64.26,61.38,62.5
1703894400,62.5,64.68,62.01,63.11
1703980800,63.11,64.98,62.61,64.71
1704067200,64.71,66.89,63.88,66.81
1704153600,66.81,68.04,63.73,63.75
1704240000,63.75,67.12,62.13,65.17
1704326400,65.17,66.59,63.74,65.34
1704412800,65.34,68.25,65.27,67.64
1704499200,67.64,72.33,66.75,71.39
1704585600,71.39,73.48,70.85,71.81
1704672000,71.81,73.59,67.15,67.16
1704758400,67.16,67.48,63.68,64.17
1704844800,64.17,68.04,61.79,62.7
1704931200,62.7,63.25,57.3,57.3
1705017600,57.3,58.36,54.8,57.42
1705104000,57.42,57.54,54.41,55.07
1705190400,55.07,56.91,54.7,56.87
1705276800,56.87,57.66,55.37,55.96
1705363200,56.2,56.5,54.0,55.16
1705449600,55.16,55.19,50.79,50.79
1705536000,50.79,50.79,46.81,48.31
1705622400,48.3,48.7,45.9,48.04
1705708800,48.05,48.21,45.64,47.96
1705795200,47.96,48.14,46.51,47.82
1705881600,47.82,49.04,47.24,48.98
1705968000,48.98,53.2,46.88,49.59
1706054400,49.59,50.23,47.19,47.54
1706140800,47.54,47.71,44.6,45.01
1706227200,45.01,45.64,43.34,43.73
1706313600,43.73,43.75,41.46,42.43
1706400000,42.43,45.85,42.43,45.25
1706486400,45.25,46.33,44.18,45.36
1706572800,45.36,47.29,45.25,46.91
1706659200,46.91,47.19,45.77,45.79
1706745600,45.79,46.07,44.32,44.76
1706832000,44.76,45.25,42.27,42.41
1706918400,42.41,42.98,41.46,41.52
1707004800,41.52,43.03,41.45,42.69
1707091200,42.69,43.34,41.78,42.37
1707177600,42.37,43.58,41.83,42.87
1707264000,42.87,44.09,41.81,43.82
1707350400,43.82,46.07,43.81,44.91
1707436800,44.91,48.67,44.74,47.79
1707523200,47.79,50.58,46.54,49.91
1707609600,49.91,51.52,49.46,51.29
1707696000,51.29,55.53,50.27,54.28
1707782400,54.56,55.31,52.1,52.19
1707868800,52.19,56.44,51.72,55.13
1707955200,55.13,57.37,54.38,55.08
1708041600,55.08,55.9,54.05,55.24
1708128000,55.24,56.31,54.37,56.24
1708214400,56.24,57.57,54.97,57.24
1708300800,57.24,57.55,55.62,56.83
1708387200,56.83,57.83,55.59,55.63
1708473600,55.63,55.63,53.1,54.01
1708560000,54.01,55.76,52.89,55.38
1708646400,55.38,55.54,51.54,52.23
1708732800,52.23,54.96,52.13,54.18
1708819200,54.18,56.59,54.13,55.17
1708905600,55.17,57.09,54.46,56.05
1708992000,56.05,62.57,56.05,58.36
1709078400,58.36,73.6,54.99,67.76
1709164800,67.76,73.2,65.32,65.54
1709251200,65.54,66.45,63.23,65.37
1709337600,65.37,65.82,64.08,65.82
1709424000,65.82,71.84,65.52,71.72
1709510400,71.71,78.68,70.73,74.81
1709596800,74.81,77.17,73.14,73.19
1709683200,73.19,77.52,70.88,74.85
1709769600,74.85,75.08,69.68,69.68
1709856000,69.68,76.0,68.52,71.87
1709942400,72.11,75.44,71.47,75.04
1710028800,75.04,80.85,74.92,80.12
1710115200,80.12,85.28,77.26,83.02
1710201600,83.02,83.03,76.37,78.08
1710288000,78.08,81.86,77.19,77.5
1710374400,77.5,77.9,73.09,74.58
1710460800,74.58,78.25,73.22,76.7
1710547200,76.71,77.01,70.95,75.73
1710633600,75.73,78.14,75.69,75.93
1710720000,75.93,77.81,73.26,74.08
1710806400,74.08,76.61,71.35,76.61
1710892800,76.61,79.78,75.28,77.73
1710979200,77.73,78.12,74.29,75.26
1711065600,75.26,75.55,71.72,72.46
1711152000,72.46,74.63,72.15,73.68
1711238400,73.68,74.62,71.77,72.62
1711324800,72.62,77.0,72.45,76.25
1711411200,76.25,76.63,75.13,75.39
1711497600,75.39,76.52,74.11,75.78
1711584000,75.78,77.25,75.57,76.53
1711670400,76.53,76.68,72.9,73.11
1711756800,73.11,75.87,71.67,74.93
1711843200,74.93,76.91,74.91,76.64
1711929600,76.64,76.83,73.49,73.81
1712016000,73.81,75.34,73.58,74.37
1712102400,74.38,74.72,72.15,72.45
1712188800,72.45,72.73,69.99,72.31
1712275200,72.31,73.54,71.68,71.96
1712361600,71.96,73.54,71.66,72.3
1712448000,72.3,77.44,72.26,77.43
1712534400,77.43,79.77,74.72,76.25
1712620800,76.25,76.3,73.68,73.69
1712707200,73.69,74.1,72.12,72.32
1712793600,72.32,72.36,68.23,68.42
1712880000,68.42,68.76,65.71,66.94
1712966400,66.94,74.89,66.76,72.95
1713052800,72.95,73.79,71.3,71.99
1713139200,71.99,72.97,68.4,70.48
1713225600,70.48,73.61,70.38,70.88
1713312000,70.88,71.79,67.83,70.72
1713398400,70.72,71.22,67.89,69.98
1713484800,69.98,73.06,68.88,70.4
1713571200,70.4,73.0,68.49,71.98
1713657600,71.98,72.42,71.37,72.05
1713744000,72.05,72.06,69.1,69.37
1713830400,69.37,69.42,64.11,64.16
1713916800,64.16,66.04,62.39,62.44
1714003200,62.44,62.44,57.82,59.29
1714089600,59.29,59.43,54.23,55.12
1714176000,55.12,55.97,54.21,54.69
1714262400,54.68,57.27,53.89,56.79
1714348800,56.79,56.92,55.09,55.33
1714435200,55.33,62.84,52.22,59.81
1714521600,59.81,63.57,58.29,61.22
1714608000,61.22,62.23,55.84,56.77
1714694400,56.77,57.08,54.3,55.88
1714780800,55.88,58.3,55.88,56.89
1714867200,56.89,59.46,56.53,58.65
1714953600,58.65,59.08,55.56,55.57
1715040000,55.57,56.04,53.72,53.76
1715126400,53.76,55.49,52.28,55.43
1715212800,55.43,55.48,52.15,52.17
1715299200,52.17,55.02,50.76,54.27
1715385600,54.27,54.49,52.64,54.17
1715472000,54.17,55.82,53.9,54.52
1715558400,54.52,57.73,54.4,56.13
1715644800,56.13,57.09,55.61,56.23
1715731200,56.23,60.82,55.67,58.61
1715817600,58.61,58.72,57.24,57.49
1715904000,57.49,57.67,54.81,55.26
1715990400,55.26,57.31,55.14,56.67
1716076800,56.67,57.62,56.38,57.32
1716163200,57.32,61.94,56.76,61.94
1716249600,61.94,62.13,58.18,58.59
1716336000,58.59,59.7,55.95,56.8
1716422400,56.8,56.86,53.16,53.18
1716508800,53.18,53.29,51.0,52.29
1716595200,52.29,52.82,51.69,52.21
1716681600,52.21,53.78,52.09,53.73
1716768000,53.73,54.86,52.34,53.91
1716854400,53.91,55.85,52.89,54.76
1716940800,54.76,55.13,52.85,53.24
1717027200,53.24,53.57,52.13,53.27
1717113600,53.27,53.27,50.23,51.99
1717200000,51.99,52.0,49.97,50.68
1717286400,50.68,51.67,50.39,51.11
1717372800,51.11,53.78,50.9,52.77
1717459200,51.71,54.77,51.52,53.95
1717545600,53.95,57.13,53.94,55.62
1717632000,55.62,55.72,51.81,51.87
1717718400,51.87,54.27,50.02,50.02
1717804800,50.01,51.28,49.67,50.34
1717891200,50.34,52.12,49.74,51.79
1717977600,51.79,52.16,50.79,50.88
1718064000,50.88,53.05,50.44,52.49
1718150400,52.49,53.9,50.51,50.56
1718236800,50.56,50.65,48.57,49.23
1718323200,49.23,49.87,47.45,48.56
1718409600,48.56,49.47,47.68,48.03
1718496000,48.03,48.35,47.83,47.9
1718582400,47.9,49.55,47.9,48.81
1718668800,48.81,50.52,48.33,50.06
1718755200,50.06,51.05,48.57,48.6
1718841600,48.6,49.39,48.28,48.28
1718928000,48.28,48.4,46.25,47.11
1719014400,47.11,47.24,46.16,46.43
1719100800,46.43,48.33,46.09,48.23
1719187200,49.32,53.06,49.13,50.96
1719273600,50.96,50.97,47.82,48.14
1719360000,48.14,48.14,46.66,47.05
1719446400,47.05,48.07,46.58,47.94
1719532800,47.94,47.98,44.38,45.4
1719619200,45.4,45.59,43.23,43.47
1719705600,43.47,45.9,43.35,45.44
1719792000,45.44,45.45,43.76,44.71
1719878400,44.71,44.81,42.29,42.33
1719964800,41.41,45.88,41.23,45.36
1720051200,45.36,49.94,45.22,47.53
1720137600,47.53,54.86,47.53,48.98
1720224000,48.98,49.84,47.65,48.21
1720310400,48.21,51.44,47.99,50.99
1720396800,50.99,53.54,50.4,51.03
1720483200,51.03,52.16,50.04,50.05
1720569600,50.05,50.21,48.45,48.69
1720656000,48.69,49.2,48.14,48.54
1720742400,48.54,48.54,46.14,46.32
1720828800,46.32,49.18,45.17,49.18
1720915200,49.18,51.07,48.5,49.3
1721001600,49.3,54.56,48.89,54.52
1721088000,54.52,56.54,54.13,56.49
1721174400,56.49,62.85,56.49,58.28
1721260800,58.28,58.3,55.87,57.1
1721347200,57.1,62.25,55.99,60.8
1721433600,60.8,63.03,59.26,62.65
1721520000,62.65,68.45,61.46,66.0
1721606400,66.0,68.27,61.61,67.63
1721692800,67.63,68.62,63.9,63.91
1721779200,63.91,63.97,61.14,61.39
1721865600,61.39,62.34,59.83,61.81
1721952000,61.81,62.69,59.66,60.1
1722038400,60.1,60.56,54.92,55.04
1722124800,55.04,55.24,51.52,52.65
1722211200,52.65,56.35,51.73,51.73
1722297600,51.73,51.73,49.49,50.62
1722384000,50.62,50.65,48.54,48.73
1722470400,48.73,50.43,47.23,49.81
1722556800,49.81,51.49,46.91,51.4
1722643200,51.41,52.18,48.92,51.45
1722729600,51.45,56.98,51.23,56.13
1722816000,56.13,92.71,56.02,63.08
1722902400,63.08,63.21,59.24,61.54
1722988800,61.54,61.54,58.44,60.88
1723075200,60.73,60.99,55.56,56.81
1723161600,56.8,56.86,54.44,55.02
1723248000,55.02,56.51,54.33,56.28
1723334400,56.28,57.24,55.74,57.11
1723420800,57.11,58.41,56.9,57.48
1723507200,57.48,57.8,56.68,56.92
1723593600,56.92,57.4,55.3,55.31
1723680000,55.31,55.91,53.43,55.64
1723766400,55.64,55.65,53.12,53.12
1723852800,53.12,53.87,52.3,53.71
1723939200,53.71,55.72,53.67,55.32
1724025600,54.4,54.44,53.67,53.68
1724112000,53.68,54.44,52.91,54.06
1724198400,54.06,55.77,53.88,54.68
1724284800,54.68,55.49,53.84,53.99
1724371200,53.99,55.85,52.27,55.43
1724457600,55.43,55.51,53.99,55.14
1724544000,55.14,55.92,53.85,54.2
1724630400,54.2,54.34,50.77,51.58
1724716800,51.58,55.13,49.13,52.69
1724803200,52.69,54.86,50.98,52.91
1724889600,52.91,53.58,51.7,52.98
1724976000,52.98,53.22,50.5,51.96
1725062400,51.96,51.96,50.14,50.48
1725148800,50.48,54.42,50.3,54.36
1725235200,54.36,54.72,52.89,52.92
1725321600,52.78,55.73,52.57,55.29
1725408000,55.29,58.72,55.08,55.73
1725494400,55.73,57.3,55.51,56.79
1725580800,56.79,60.77,56.06,59.46
1725667200,59.45,59.45,57.91,58.84
1725753600,58.84,59.32,57.75,59.32
1725840000,59.32,59.35,58.01,58.82
1725926400,58.82,58.83,56.61,57.18
1726012800,57.18,57.2,54.09,54.84
1726099200,54.84,55.56,53.81,53.96
1726185600,53.96,54.26,52.4,52.51
1726272000,52.51,53.01,51.68,52.48
1726358400,52.48,53.49,52.42,53.21
1726444800,53.21,54.18,52.81,53.29
1726531200,53.29,55.12,53.12,53.12
1726617600,53.12,55.24,51.38,51.59
1726704000,51.59,52.67,50.38,51.95
1726790400,51.95,52.89,49.91,50.15
1726876800,50.15,51.04,49.99,51.04
1726963200,51.04,51.34,50.05,51.13
1727049600,51.13,51.58,50.38,50.45
1727136000,50.45,51.6,50.06,51.52
1727222400,51.52,51.67,49.52,49.75
1727308800,49.75,52.52,49.6,52.38
1727395200,52.38,53.39,51.29,51.91
1727481600,51.91,52.67,51.84,52.6
1727568000,52.6,54.16,52.47,54.02
1727654400,54.02,55.56,53.63,54.21
1727740800,54.21,57.23,54.19,56.64
1727827200,56.64,57.34,56.06,56.35
1727913600,56.35,57.78,55.97,57.45
1728000000,57.45,57.98,55.29,55.53
1728086400,55.53,56.11,54.85,55.41
1728172800,55.41,57.84,55.05,57.17
1728259200,57.17,57.45,55.48,56.6
1728345600,55.72,56.01,54.35,55.63
1728432000,55.63,56.85,55.52,56.11
1728518400,56.12,56.64,54.47,54.97
1728604800,54.97,57.63,54.66,57.51
1728691200,57.52,57.52,55.97,56.84
1728777600,56.84,58.1,56.45,57.14
1728864000,57.14,59.53,57.05,57.85
1728950400,57.85,59.48,56.4,58.15
1729036800,58.15,60.16,57.18,57.44
1729123200,57.44,58.17,55.91,56.4
1729209600,56.4,56.53,54.44,55.18
1729296000,55.18,55.34,53.77,54.7
1729382400,54.7,57.3,54.52,56.66
1729468800,56.66,57.2,54.29,55.69
1729555200,55.7,55.92,54.61,55.77
1729641600,55.77,56.55,54.53,56.29
1729728000,56.29,57.31,54.37,57.3
1729814400,57.3,58.09,54.62,58.08
1729900800,58.08,58.11,54.66,55.36
1729987200,55.36,57.32,55.16,57.18
1730073600,57.18,57.81,55.42,57.78
1730160000,57.78,60.71,57.13,59.83
1730246400,58.81,59.24,57.48,59.11
1730332800,59.11,60.11,57.97,58.23
1730419200,58.23,59.95,57.92,59.77
1730505600,59.77,61.17,59.72,60.26
1730592000,60.26,64.06,59.65,62.49
1730678400,62.49,64.97,61.77,64.97
1730764800,64.97,65.56,61.74,63.71
1730851200,63.71,63.95,54.52,55.97
1730937600,55.97,55.97,53.25,53.55
1731024000,53.55,53.89,49.53,49.85
1731110400,49.85,50.6,49.43,50.54
1731196800,50.54,53.97,50.25,53.28
1731283200,53.28,61.76,51.36,61.52
1731369600,61.52,62.28,57.65,57.69
1731456000,57.69,62.34,56.01,58.54
1731542400,58.54,61.79,57.03,59.46
1731628800,59.46,61.71,56.29,56.29
1731715200,56.07,58.23,56.05,56.84
1731801600,56.84,58.25,55.61,57.23
1731888000,57.23,59.76,57.13,58.3
1731974400,58.3,60.25,57.62,58.25
1732060800,58.25,62.64,57.71,60.18
1732147200,60.18,66.84,60.12,61.29
1732233600,61.29,64.09,60.47,60.78
1732320000,60.78,61.71,59.87,60.89
1732406400,60.89,64.44,59.94,64.09
1732492800,64.09,64.34,60.46,60.65
1732579200,60.65,62.18,57.73,61.23
1732665600,61.23,61.34,58.51,59.73
1732752000,59.73,60.08,56.43,57.55
1732838400,57.57,58.82,55.19,56.11
1732924800,56.29,56.57,54.65,55.17
1733011200,55.17,57.43,55.12,57.2
1733097600,57.2,58.24,55.85,55.94
1733184000,56.77,56.98,55.21,56.5
1733270400,56.5,57.76,54.85,57.17
1733356800,57.17,64.09,56.14,60.96
1733443200,60.96,61.45,56.88,58.44
1733529600,58.44,58.65,56.18,57.2
1733616000,57.2,58.15,56.38,58.15
1733702400,58.15,59.8,58.12,59.74
1733788800,59.74,60.23,57.56,59.18
1733875200,59.18,61.53,59.18,59.94
1733961600,59.94,61.66,59.12,60.14
1734048000,60.14,60.32,58.3,59.0
1734134400,59.0,59.94,57.66,58.08
1734220800,58.08,60.92,57.88,60.65
1734307200,60.65,61.74,58.52,58.54
1734393600,58.54,59.72,57.7,59.51
1734480000,59.51,60.52,58.67,60.49
1734566400,60.56,60.82,58.43,59.6
1734652800,59.6,64.45,58.66,58.87
1734739200,58.87,60.18,57.34,57.87
1734825600,57.87,61.43,57.71,61.43
1734912000,61.43,64.59,59.28,60.21
1734998400,60.21,61.79,59.92,60.83
1735084800,60.83,61.31,59.96,60.73
1735171200,60.73,61.75,59.44,61.67
1735257600,61.67,62.34,59.53,60.61
1735344000,60.61,60.62,59.64,60.43
1735430400,60.43,61.02,59.75,60.48
1735516800,60.48,61.28,59.53,61.03
1735603200,61.03,61.68,59.78,60.03
1735689600,60.03,61.14,59.57,61.1
1735776000,61.1,61.67,59.73,59.85
1735862400,59.85,60.53,58.44,58.74
1735948800,58.74,60.01,58.68,59.87
1736035200,59.87,60.09,59.23,59.55
1736121600,59.55,60.09,58.52,58.84
1736208000,58.84,59.35,58.04,58.6
1736294400,57.86,59.72,57.76,58.47
1736380800,58.47,59.78,57.63,59.47
1736467200,59.47,59.76,57.04,57.19
1736553600,57.19,58.7,57.16,58.52
1736640000,58.52,59.7,58.17,59.57
1736726400,59.57,61.31,59.36,61.25
1736812800,61.25,62.87,60.78,60.87
1736899200,60.87,61.93,60.85,61.23
1736985600,61.23,63.15,60.01,62.56
1737072000,62.56,63.75,61.13,63.19
1737158400,63.19,65.43,62.13,65.04
1737244800,65.04,67.79,65.04,66.02
1737331200,66.02,71.28,62.34,63.07
1737417600,63.07,64.18,61.19,61.92
1737504000,61.92,62.44,60.69,61.04
1737590400,61.04,63.2,59.49,60.08
1737676800,60.08,60.08,57.33,57.37
1737763200,57.37,57.39,56.19,57.05
1737849600,57.05,57.61,56.55,56.74
1737936000,56.74,60.23,56.46,59.05
1738022400,59.05,59.15,56.17,56.2
1738108800,56.2,57.05,55.6,56.15
1738195200,56.15,56.88,53.94,54.64
1738281600,54.64,54.73,51.9,53.32
1738368000,53.32,54.14,51.05,53.77
1738454400,53.77,58.66,53.4,57.04
1738540800,57.04,61.94,55.87,56.94
1738627200,55.61,57.12,54.01,54.03
1738713600,54.03,54.92,53.02,54.53
1738800000,54.53,54.89,53.21,53.91
1738886400,53.9,54.41,52.26,54.17
1738972800,54.17,54.18,52.92,53.49
1739059200,53.49,54.66,53.04,54.21
1739145600,54.21,54.44,52.4,52.4
1739232000,52.4,54.67,52.08,54.23
1739318400,54.23,54.32,51.19,51.49
1739404800,51.49,53.4,51.27,51.76
1739491200,51.77,52.4,50.1,51.6
1739577600,51.6,51.6,50.13,50.61
1739664000,50.61,51.28,50.52,50.84
1739750400,50.84,52.06,50.46,51.73
1739836800,51.73,53.2,50.96,51.69
1739923200,51.69,51.69,49.02,49.15
1740009600,49.15,50.66,48.1,49.06
1740096000,49.06,49.43,47.02,48.71
1740182400,48.71,49.05,48.33,48.6
1740268800,48.6,48.75,47.23,48.47
1740355200,48.47,48.47,46.17,47.07
1740441600,47.07,52.75,46.94,48.59
1740528000,48.59,51.63,47.69,51.3
1740614400,51.3,52.82,49.06,51.68
1740700800,51.68,59.36,50.53,50.76
1740787200,50.76,53.56,50.08,51.87
1740873600,51.87,58.89,51.62,55.47
1740960000,55.47,59.8,53.07,59.48
1741046400,59.48,62.67,58.26,62.07
1741132800,62.07,62.27,57.13,57.6
1741219200,57.83,60.35,56.4,60.15
1741305600,60.15,60.78,53.2,54.32
1741392000,54.32,54.56,51.86,52.66
1741478400,52.66,59.34,52.39,59.1
1741564800,59.1,61.95,55.32,59.57
1741651200,59.57,62.68,59.0,59.9
1741737600,59.9,60.83,56.89,56.89
1741824000,56.89,57.23,55.42,55.42
1741910400,55.42,55.5,52.81,53.27
1741996800,53.27,53.67,52.17,53.46
1742083200,53.46,55.74,53.28,55.27
1742169600,55.27,55.32,52.85,52.86
1742256000,52.86,54.35,51.84,52.0
1742342400,52.0,54.02,51.23,54.02
1742428800,54.02,54.16,48.97,49.01
1742515200,49.01,49.7,47.56,47.56
1742601600,47.56,49.2,46.93,48.88
1742688000,48.88,48.88,47.22,47.66
1742774400,47.66,48.42,47.06,47.32
1742860800,47.32,47.94,46.54,46.99
1742947200,46.99,47.63,46.23,47.27
1743033600,47.27,47.28,45.42,46.61
1743120000,46.61,52.25,46.18,49.93
1743206400,49.93,52.83,49.2,52.69
1743292800,52.69,54.04,51.26,53.73
1743379200,53.73,54.42,50.97,51.02
1743465600,49.67,50.52,48.95,49.55
1743552000,49.55,52.78,48.62,52.61
1743638400,52.61,53.55,50.15,52.64
1743724800,52.64,56.03,51.19,55.33
1743811200,55.33,57.29,55.18,57.1
1743897600,57.1,62.25,57.0,59.59
1743984000,59.59,63.21,52.49,52.79
1744070400,52.79,56.9,52.25,56.84
1744156800,56.84,62.66,52.86,53.04
1744243200,53.04,55.57,50.61,53.56
1744329600,53.56,56.78,52.6,56.15
1744416000,56.15,57.52,55.35,57.45
1744502400,57.45,57.76,55.17,56.29
1744588800,56.29,56.4,52.34,53.31
1744675200,52.02,52.4,49.97,50.39
1744761600,50.39,50.56,49.0,49.58
1744848000,49.58,49.63,48.28,48.41
1744934400,48.41,48.44,46.41,46.9
1745020800,46.9,48.43,46.83,48.29
1745107200,48.3,48.46,47.71,48.2
1745193600,48.2,50.71,48.2,49.16
1745280000,49.16,52.71,49.0,52.69
1745366400,52.69,52.86,49.4,49.42
1745452800,49.42,49.42,46.66,46.96
1745539200,46.96,48.71,46.44,46.45
1745625600,46.45,47.64,46.08,47.42
1745712000,47.42,48.35,47.33,48.12
1745798400,48.12,48.61,46.38,47.05
1745884800,47.05,47.24,46.04,46.17
1745971200,46.17,46.79,45.02,45.07
1746057600,45.07,46.97,44.74,46.11
1746144000,46.11,48.1,44.38,44.54
1746230400,44.54,45.41,44.2,44.9
1746316800,44.9,46.38,44.73,46.35
1746403200,46.35,46.87,44.89,45.0
1746489600,45.0,46.66,44.86,46.66
1746576000,46.66,47.26,44.59,44.8
1746662400,44.8,47.17,44.55,45.88
1746748800,45.88,46.36,45.21,45.78
1746835200,45.78,47.59,45.6,47.13
1746921600,47.13,48.34,46.06,47.13
1747008000,47.13,48.45,45.29,45.44
1747094400,44.83,45.96,44.65,45.71
1747180800,45.71,45.76,44.65,44.79
1747267200,44.79,44.85,43.07,43.57
1747353600,43.57,43.61,41.56,42.62
1747440000,42.62,43.25,42.21,43.13
1747526400,43.13,45.79,43.04,44.93
1747612800,44.93,45.24,43.77,44.02
1747699200,44.02,47.38,44.01,47.3
1747785600,47.3,49.24,46.31,49.13
1747872000,49.13,49.84,47.71,49.0
1747958400,49.0,49.0,45.6,47.68
1748044800,47.68,48.54,46.96,47.53
1748131200,47.53,49.34,47.34,48.96
1748217600,48.97,48.97,46.48,47.13
1748304000,47.13,47.43,45.3,46.16
1748390400,46.16,46.46,43.47,45.24
1748476800,45.24,45.24,43.54,44.61
1748563200,44.61,47.41,43.64,43.71
1748649600,43.72,46.61,42.94,45.88
1748736000,45.88,46.68,45.08,45.13
1748822400,45.13,45.22,42.38,42.97
1748908800,42.97,43.72,42.47,42.83
1748995200,42.83,43.08,41.83,42.18
1749081600,42.18,43.45,41.44,42.76
1749168000,42.76,42.89,40.52,40.53
1749254400,40.53,42.12,40.53,41.99
1749340800,41.99,42.64,41.54,42.52
1749427200,42.52,42.85,41.46,42.61
1749513600,41.89,42.8,41.65,42.51
1749600000,42.51,42.69,40.86,40.95
1749686400,40.95,41.4,39.57,39.77
1749772800,39.77,43.96,39.77,40.72
1749859200,40.72,41.31,40.46,41.0
1749945600,41.0,42.79,40.91,42.32
1750032000,42.32,42.32,40.28,41.73
1750118400,41.73,42.19,40.72,41.62
1750204800,41.62,41.7,39.6,39.69
1750291200,39.69,40.64,39.65,40.21
1750377600,40.21,41.53,39.03,40.67
1750464000,40.67,41.43,38.9,41.01
1750550400,41.01,44.63,40.42,41.75
1750636800,41.75,42.15,39.54,39.86
1750723200,39.87,41.2,39.0,39.05
1750809600,39.04,39.28,37.9,38.4
1750896000,38.4,39.32,37.71,38.25
1750982400,38.25,38.34,36.27,38.1
1751068800,38.1,38.16,36.79,37.71
1751155200,37.71,39.42,37.7,39.34
1751241600,39.34,39.34,37.69,37.74
1751328000,37.14,38.23,36.99,37.61
1751414400,37.61,40.44,37.48,39.6
1751500800,39.6,40.93,38.66,39.08
1751587200,39.08,39.63,36.79,39.21
1751673600,39.21,39.21,38.47,38.54
1751760000,38.54,39.0,38.24,38.98
1751846400,38.98,39.51,38.46,38.71
1751932800,38.71,39.04,37.67,37.77
1752019200,37.77,40.09,37.08,38.77
1752105600,38.77,40.21,37.98,38.62
1752192000,38.62,40.24,37.51,37.94
1752278400,37.94,38.43,37.18,38.2
1752364800,38.2,40.62,38.18,39.24
1752451200,39.24,40.64,38.79,39.64
1752537600,39.64,41.81,39.44,39.93
1752624000,39.93,40.96,37.98,39.07
1752710400,39.07,40.89,38.28,39.47
1752796800,39.47,40.7,37.63,38.6
1752883200,38.6,39.01,38.13,38.85
1752969600,38.85,39.89,38.63,39.23
1753056000,39.23,40.42,38.49,39.28
1753142400,39.28,39.88,38.04,39.88
1753228800,39.88,40.17,38.99,39.58
1753315200,39.58,40.85,38.61,40.22
1753401600,40.22,43.01,39.21,40.06
1753488000,40.06,40.16,38.56,38.95
1753574400,38.95,40.55,38.73,39.37
1753660800,39.37,41.05,38.21,38.27
1753747200,38.27,38.78,34.86,35.18
1753833600,35.18,37.3,35.16,36.13
1753920000,36.13,37.02,35.79,36.73
1754006400,36.73,38.74,35.61,38.42
1754092800,38.42,38.45,36.65,37.67
1754179200,37.67,38.4,37.4,38.03
1754265600,38.03,38.1,36.78,36.89
1754352000,36.32,36.58,35.45,36.01
1754438400,36.01,36.11,34.87,34.88
1754524800,34.88,35.68,33.98,35.66
1754611200,35.66,35.73,33.53,34.4
1754697600,34.4,35.21,33.77,35.07
1754784000,35.07,36.19,34.29,35.43
1754870400,35.43,37.93,35.04,36.56
1754956800,36.56,37.09,35.33,36.94
1755043200,37.41,39.89,37.07,39.0
1755129600,39.0,39.63,36.25,36.95
1755216000,36.95,37.03,35.14,35.37
1755302400,35.37,35.46,34.93,35.38
1755388800,35.38,35.85,35.07,35.83
1755475200,35.83,38.1,35.62,35.99
1755561600,35.99,38.54,35.6,37.87
1755648000,37.87,38.01,35.91,36.02
1755734400,36.02,37.25,35.73,37.25
1755820800,37.25,37.97,33.63,34.53
1755907200,34.53,35.13,34.36,34.97
1755993600,34.97,36.87,34.3,35.07
1756080000,35.07,38.87,34.8,37.93
1756166400,37.93,40.17,36.92,36.92
1756252800,36.92,38.52,36.69,37.91
1756339200,37.91,38.12,36.21,36.95
1756425600,36.95,41.7,36.91,38.98
1756512000,38.98,39.4,38.36,38.85
1756598400,38.85,40.0,38.19,39.62
1756684800,39.62,39.89,37.39,39.5
1756771200,39.33,40.28,38.69,38.8
1756857600,38.8,38.88,37.97,38.85
1756944000,38.85,39.17,38.37,38.48
1757030400,38.48,38.74,36.23,37.49
1757116800,37.49,38.03,37.04,37.76
1757203200,37.76,37.9,37.43,37.9
1757289600,37.9,38.17,36.46,37.08
1757376000,37.08,37.9,36.73,37.36
1757462400,37.36,37.86,36.74,36.95
1757548800,36.95,37.03,35.26,35.26
1757635200,35.26,35.56,34.02,34.66
1757721600,34.66,34.79,34.19,34.28
1757808000,34.28,34.87,33.85,34.41
1757894400,34.41,35.98,34.26,35.56
1757980800,35.56,36.7,35.12,36.52
1758067200,36.52,37.45,34.99,35.55
1758153600,35.55,35.58,32.87,33.81
1758240000,33.81,35.6,33.4,34.78
1758326400,34.78,34.78,34.11,34.48
1758412800,34.48,34.62,34.06,34.51
1758499200,34.51,38.09,34.51,35.17
1758585600,35.17,37.17,35.09,37.14
1758672000,37.14,37.25,35.28,36.17
1758758400,36.17,37.98,35.68,37.69
1758844800,37.69,38.11,35.82,36.55
1758931200,36.55,36.87,36.35,36.42
1759017600,36.42,36.83,35.71,35.86
1759104000,35.86,36.96,35.21,36.39
1759190400,36.39,37.06,35.64,36.61
1759276800,36.61,37.7,35.9,37.12
1759363200,37.12,37.9,36.74,37.39
1759449600,37.39,38.96,36.81,38.03
1759536000,38.03,38.29,37.49,38.03
1759622400,38.03,39.66,37.92,37.95
1759708800,37.95,39.42,37.67,39.26
1759795200,39.07,39.39,38.54,39.28
1759881600,39.28,40.03,38.54,39.44
1759968000,39.44,40.44,39.33,39.73
1760054400,39.73,64.88,39.45,44.11
1760140800,44.11,48.54,43.69,46.15
1760227200,46.15,47.82,43.42,46.24
1760313600,46.24,46.51,42.87,43.38
1760400000,43.38,47.71,43.18,45.01
1760486400,45.01,45.73,44.07,45.25
1760572800,45.25,48.52,44.67,47.78
1760659200,47.78,51.0,45.75,50.0
1760745600,50.0,50.03,48.2,49.08
1760832000,49.08,50.78,46.58,47.68
1760918400,47.68,49.62,45.09,45.95
1761004800,45.95,49.64,45.53,49.27
1761091200,49.27,51.24,47.08,50.7
1761177600,50.7,50.7,45.12,45.13
1761264000,45.13,45.18,42.69,42.84
1761350400,42.84,43.39,42.32,42.9
1761436800,42.9,44.17,42.41,43.91
1761523200,43.91,43.91,42.04,42.82
1761609600,42.82,43.07,40.44,42.39
1761696000,42.39,45.53,42.39,45.07
1761782400,45.07,47.15,43.79,44.85
1761868800,44.85,44.85,42.74,43.31
1761955200,43.31,43.82,42.73,43.49
1762041600,43.49,44.9,43.45,44.12
1762128000,44.12,46.83,43.6,45.73
1762214400,45.73,50.56,44.93,47.79
1762300800,47.79,50.48,46.26,46.55
1762387200,46.55,48.13,44.11,46.94
1762473600,46.93,47.78,44.27,44.61
1762560000,44.61,45.08,43.04,44.88
1762646400,44.88,47.24,44.88,45.11
1762732800,45.11,45.14,44.28,44.3
1762819200,44.3,47.44,43.56,46.61
1762905600,46.61,46.95,44.75,46.07
1762992000,46.08,46.96,43.93,46.52
1763078400,46.52,50.58,45.87,49.71
1763164800,49.71,49.71,48.01,48.5
1763251200,48.5,50.7,48.36,49.64
1763337600,49.64,51.71,47.9,50.62
1763424000,50.62,52.78,50.13,50.52
1763510400,50.52,53.61,50.47,51.04
1763596800,51.04,54.72,50.07,54.65
1763683200,54.65,62.18,54.01,57.38
1763769600,57.38,59.16,56.85,59.16
1763856000,59.16,59.16,56.2,56.5
1763942400,56.5,57.36,52.25,53.31
1764028800,53.77,53.92,52.34,52.56
1764115200,52.56,52.69,49.41,49.92
1764201600,49.92,50.35,48.83,49.31
1764288000,49.31,49.59,47.01,48.7
1764374400,48.7,49.43,48.67,49.13
1764460800,49.13,49.34,48.03,48.78
1764547200,48.78,54.76,48.78,53.13
1764633600,53.13,53.14,48.95,49.24
1764720000,49.24,49.28,47.27,47.44
1764806400,47.44,48.43,46.44,48.03
1764892800,48.03,50.78,47.15,48.94
1764979200,48.94,49.04,48.13,49.0
1765065600,49.0,52.31,48.96,49.65
1765152000,49.64,49.73,48.41,49.01
1765238400,49.01,49.1,46.39,46.44
1765324800,46.44,47.7,44.78,44.92
1765411200,44.92,47.19,43.55,44.46
1765497600,44.46,44.85,43.04,44.22
1765584000,44.22,44.91,43.62,44.65
1765670400,44.65,47.11,44.65,46.74
1765756800,46.74,46.88,43.7,46.68
1765843200,46.39,46.9,45.69,45.69
1765929600,45.69,47.99,44.86,47.0
1766016000,47.0,47.55,44.77,47.48
1766102400,47.48,47.54,45.03,45.06
1766188800,45.06,45.18,44.51,45.11
1766275200,45.11,45.95,45.0,45.07
1766361600,45.07,45.5,44.62,45.09
1766448000,45.09,45.1,43.34,43.4
1766534400,43.4,43.77,42.55,42.81
1766620800,42.81,42.88,41.51,42.55
1766707200,42.55,43.04,41.02,41.04
1766793600,41.04,41.88,40.94,41.83
1766880000,41.83,42.55,41.7,42.11
1766966400,42.11,43.0,41.46,42.25
1767052800,42.25,43.03,41.88,42.79
1767139200,42.79,43.57,42.12,43.01
1767225600,43.01,43.15,41.7,42.22
1767312000,42.22,43.71,42.18,43.43
1767398400,43.43,44.48,42.86,44.4
1767484800,44.4,44.8,44.34,44.39
1767571200,44.39,46.39,43.75,43.94
1767657600,43.94,44.73,43.12,44.09
1767744000,44.09,44.75,43.35,44.64
1767830400,44.64,45.03,43.14,43.24
1767916800,43.24,43.26,40.26,40.52
1768003200,40.52,41.58,40.16,41.03
1768089600,41.03,42.77,41.02,41.68
1768176000,41.68,41.92,41.03,41.27
1768262400,40.13,42.29,40.1,41.69
1768348800,41.69,41.76,40.75,40.81
1768435200,40.81,41.06,39.22,40.61
1768521600,40.61,40.67,37.99,38.27
1768608000,38.27,39.16,37.76,39.08
1768694400,39.08,40.23,38.93,40.23
1768780800,40.23,40.6,39.19,39.7
1768867200,39.7,42.38,39.61,42.23
1768953600,42.23,42.46,39.22,40.14
1769040000,40.14,40.16,38.44,38.88
1769126400,38.88,39.36,37.17,38.06
1769212800,38.06,38.43,37.52,38.27
1769299200,38.27,41.5,38.27,41.16
1769385600,41.16,41.82,38.66,38.75
1769472000,38.75,39.53,37.94,38.2
1769558400,38.2,38.45,37.73,38.0
1769644800,38.0,42.32,37.58,41.55
1769731200,41.55,45.23,40.45,40.45
1769817600,40.45,49.96,40.35,47.58
1769904000,47.58,49.89,45.44,48.27
1769990400,48.27,50.73,45.69,46.29
1770076800,46.29,56.33,45.81,51.74
1770163200,51.74,56.06,50.06,53.47
1770249600,53.47,90.33,53.44,82.62
1770336000,82.62,88.61,54.11,58.85
1770422400,58.86,61.2,56.02,59.35
1770508800,59.35,59.64,55.36,57.29
1770595200,57.29,58.37,53.83,54.46
1770681600,55.23,56.53,54.3,54.84
1770768000,54.84,57.94,53.28,55.29
1770854400,55.29,57.18,51.98,55.28
1770940800,55.28,55.69,50.39,52.04
1771027200,52.04,52.1,48.39,49.89
1771113600,49.89,51.34,48.26,51.28
1771200000,51.28,52.95,49.77,52.19
1771286400,52.19,53.4,51.98,52.01
1771372800,52.01,53.67,50.84,53.67
1771459200,53.67,54.68,51.0,52.66
1771545600,52.66,52.82,51.29,51.43
1771632000,51.43,51.72,50.63,51.7
1771718400,51.7,52.38,51.47,52.0
1771804800,52.0,56.99,52.0,56.1
1771891200,56.1,60.88,55.54,57.77
1771977600,57.77,57.89,50.94,53.59
1772064000,53.59,53.72,52.17,52.19
1772150400,51.61,53.58,51.05,52.55
1772236800,52.55,59.3,52.14,55.21
1772323200,55.21,56.3,54.11,55.07
1772409600,55.07,56.02,52.59,53.38
1772496000,53.38,56.37,53.02,55.41
1772582400,55.41,56.59,53.97,55.5
1772668800,55.5,55.7,53.86,54.71
1772755200,54.71,55.75,53.53,55.52
1772841600,55.52,58.77,54.97,58.63
1772928000,58.63,61.68,57.22,60.45
1773014400,60.45,61.16,55.23,55.49
1773100800,55.49,55.49,53.22,55.04
1773187200,55.04,55.06,53.65,53.93
1773273600,53.93,54.63,53.13,54.26
1773360000,54.26,54.5,52.39,52.98
1773446400,52.98,54.12,52.69,53.26
1773532800,53.26,53.56,52.27,52.89
1773619200,52.89,52.96,51.88,52.81
1773705600,52.81,52.83,51.31,51.42
1773792000,51.42,54.3,50.37,53.77
1773878400,53.77,56.4,53.17,54.27
1773964800,54.27,54.84,52.45,54.44
1774051200,54.44,55.22,52.03,55.22
1774137600,55.22,57.89,55.22,56.74
1774224000,56.74,57.11,52.25,53.53
1774310400,53.53,53.94,51.99,52.68
1774396800,52.68,52.69,50.76,51.04
1774483200,51.04,52.95,50.91,52.54
1774569600,52.54,55.97,51.78,53.71
1774656000,53.71,53.82,53.06,53.74
1774742400,53.74,54.71,52.95,54.56
1774828800,54.56,55.62,52.56,55.3
1774915200,54.98,55.66,51.82,52.25
1775001600,52.25,53.31,51.22,51.49
1775088000,51.49,53.44,50.76,50.85
1775174400,50.85,51.16,47.1,47.41
1775260800,47.41,47.57,46.71,47.37
1775347200,47.37,48.66,47.03,47.53
1775433600,47.53,49.1,46.46,48.99
1775520000,48.99,49.87,47.17,47.37
1775606400,47.37,47.39,44.17,44.35
1775692800,44.35,45.02,44.09,44.52
1775779200,44.52,44.73,42.39,43.14
1775865600,43.14,44.62,42.88,44.61
1775952000,44.61,46.01,44.53,45.43
1776038400,45.43,45.78,43.94,44.01
1776124800,44.01,45.03,43.48,44.1
1776211200,44.1,44.13,43.42,43.92
1776297600,43.92,44.12,42.11,42.33
1776384000,42.33,44.15,40.94,42.83
1776470400,42.83,44.16,42.43,44.1
1776556800,44.1,44.44,43.33,43.44
1776643200,43.44,43.48,41.49,42.03
1776729600,42.03,43.43,41.98,42.13
1776816000,42.13,43.47,41.87,43.18
1776902400,43.18,43.9,42.07,42.83
1776988800,42.83,42.92,40.14,40.16
1777075200,40.16,41.13,39.4,40.77
1777161600,40.77,40.81,39.78,40.34
1777248000,40.34,41.33,39.9,40.62
1777334400,40.62,41.32,40.4,40.58
1777420800,40.58,40.71,39.46,39.62
1777507200,39.62,40.06,38.86,38.88
1777593600,38.88,39.3,37.97,38.52
1777680000,38.52,39.31,38.51,39.31
1777766400,39.31,40.92,38.65,39.05
1777852800,39.05,41.12,38.86,41.0
1777939200,41.0,41.16,38.86,40.28
1778025600,39.4,40.54,39.09,39.41
1778112000,39.41,39.41,38.25,38.85
1778198400,38.85,39.03,37.42,37.66
1778284800,37.66,38.69,37.26,38.61
1778371200,38.61,38.71,38.41,38.68
